date,year,month,day_of_week,day_name,is_weekday,is_weekend,season,temperature,rainfall,is_holiday,daily_trips,avg_duration_minutes
2023-01-01,2023,1,6,Sunday,0,1,Winter,3.490142459033698,1.0436948738212886,1,9691,23.786291239771355
2023-01-02,2023,1,0,Monday,1,0,Winter,1.585207096486446,8.742092706256107,1,15406,16.979763767484055
2023-01-03,2023,1,1,Tuesday,1,0,Winter,3.9430656143020775,4.162980347861404,0,20087,23.883044605860952
2023-01-04,2023,1,2,Wednesday,1,0,Winter,6.569089569224076,7.134351276209875,0,22770,15.663955761553055
2023-01-05,2023,1,3,Thursday,1,0,Winter,1.297539875829992,6.941167613923055,0,17454,8.18567888437481
2023-01-06,2023,1,4,Friday,1,0,Winter,1.2975891291524584,2.206165758095522,0,18952,15.843881975289959
2023-01-07,2023,1,5,Saturday,0,1,Winter,6.737638446522174,4.409839674045797,0,20723,20.19371400804068
2023-01-08,2023,1,6,Sunday,0,1,Winter,4.302304187458726,1.8848183085031587,0,17542,19.76214181657483
2023-01-09,2023,1,0,Monday,1,0,Winter,0.5915768421951437,2.9045562022491316,0,19778,11.873439703865493
2023-01-10,2023,1,1,Tuesday,1,0,Winter,3.627680130757894,0.5577434507290412,0,23912,16.573779750620417
2023-01-11,2023,1,2,Wednesday,1,0,Winter,0.6097469215626132,1.2506776375981876,0,20359,32.360306037933185
2023-01-12,2023,1,3,Thursday,1,0,Winter,0.6028107392892295,3.7843382625543827,0,23255,11.98700210325624
2023-01-13,2023,1,4,Friday,1,0,Winter,2.7258868146981023,0.40968289239270084,0,22213,21.83576165121149
2023-01-14,2023,1,5,Saturday,0,1,Winter,-3.7398407339733932,2.689168247634914,0,12844,7.497286367437061
2023-01-15,2023,1,6,Sunday,0,1,Winter,-3.1747534975390987,2.862977314888486,0,14081,22.891717487762243
2023-01-16,2023,1,0,Monday,1,0,Winter,0.31313741227708203,3.8707682108398997,0,22278,13.759907971020077
2023-01-17,2023,1,1,Tuesday,1,0,Winter,-1.0384933610032716,0.5611948245804331,0,18901,20.490858942655287
2023-01-18,2023,1,2,Wednesday,1,0,Winter,2.942741997785822,0.4479387403335785,0,22131,11.684066870805353
2023-01-19,2023,1,3,Thursday,1,0,Winter,-0.7240722265636328,4.940150989011299,0,20739,19.912434560918875
2023-01-20,2023,1,4,Friday,1,0,Winter,-2.2369111040058742,2.864691666421478,0,19677,13.675018462144521
2023-01-21,2023,1,5,Saturday,0,1,Winter,6.396946306764662,1.9060086769955726,0,21053,14.681749448573546
2023-01-22,2023,1,6,Sunday,0,1,Winter,1.3226710985403929,0.5339167784988077,0,14376,20.698327233254158
2023-01-23,2023,1,0,Monday,1,0,Winter,2.2025846140637717,1.8020554403848315,0,24143,16.161995522735516
2023-01-24,2023,1,1,Tuesday,1,0,Winter,-2.274244558640371,0.9297654577223357,0,17914,20.377983530724816
2023-01-25,2023,1,2,Wednesday,1,0,Winter,0.366851826424452,4.766460265453573,0,19913,17.407625143054574
2023-01-26,2023,1,3,Thursday,1,0,Winter,2.3327677691295983,0.7166049762706905,0,22035,18.750967142485827
2023-01-27,2023,1,4,Friday,1,0,Winter,-1.4529807322669086,2.086973108967159,0,17926,20.714449651037686
2023-01-28,2023,1,5,Saturday,0,1,Winter,3.127094055037016,4.4384697766205345,0,14287,16.579904036126067
2023-01-29,2023,1,6,Sunday,0,1,Winter,0.19808393024358506,3.899594789650521,0,11971,13.220541112790773
2023-01-30,2023,1,0,Monday,1,0,Winter,1.1249187506201697,1.7202497750879862,0,21293,15.63197621716509
2023-01-31,2023,1,1,Tuesday,1,0,Winter,0.19488016331180935,3.9369055018605885,0,17485,24.614723735133865
2023-02-01,2023,2,2,Wednesday,1,0,Winter,8.628631323251305,4.443543312594491,0,24145,19.004100037198057
2023-02-02,2023,2,3,Thursday,1,0,Winter,3.0313050955106893,2.76825565466285,0,22248,14.006528042265536
2023-02-03,2023,2,4,Friday,1,0,Winter,-0.10133601714320983,3.468491849540371,0,16263,20.488115163616136
2023-02-04,2023,2,5,Saturday,0,1,Winter,5.539431506034058,2.1093249206338656,0,20460,20.835241041683517
2023-02-05,2023,2,6,Sunday,0,1,Winter,-0.5907341801885755,5.385771587886055,0,10460,21.103995194148613
2023-02-06,2023,2,0,Monday,1,0,Winter,3.6983875547387575,2.347486493869171,0,23048,13.315246558069314
2023-02-07,2023,2,1,Tuesday,1,0,Winter,-2.8072136019148353,0.6467632972021914,0,19307,14.851566829713345
2023-02-08,2023,2,2,Wednesday,1,0,Winter,-0.9127613769708001,3.6011766668553458,0,20434,14.880488074787538
2023-02-09,2023,2,3,Thursday,1,0,Winter,3.662380477331862,0.9758698363887777,0,23516,16.5246308572558
2023-02-10,2023,2,4,Friday,1,0,Winter,5.287196509710722,5.881052407072939,0,26140,21.20237976274742
2023-02-11,2023,2,5,Saturday,0,1,Winter,3.5859016132944026,3.387068323581242,0,17879,19.94016098460127
2023-02-12,2023,2,6,Sunday,0,1,Winter,2.7248519225597696,0.31580705952717875,0,19532,20.351128177217245
2023-02-13,2023,2,0,Monday,1,0,Winter,2.168485682956625,4.585047438417938,0,20322,25.44089954033192
2023-02-14,2023,2,1,Tuesday,1,0,Winter,-1.3637692013777905,3.089118810990496,0,19665,21.982232848956475
2023-02-15,2023,2,2,Wednesday,1,0,Winter,0.9122641445403654,4.151586193884616,0,23013,17.662631550020343
2023-02-16,2023,2,3,Thursday,1,0,Winter,1.6898804568451287,2.5921582236128393,0,21363,12.243797084527
2023-02-17,2023,2,4,Friday,1,0,Winter,6.243163448381239,5.695486492356105,0,24111,14.684355555951473
2023-02-18,2023,2,5,Saturday,0,1,Winter,4.102651638429876,1.3963426379315758,0,20014,17.039133648073218
2023-02-19,2023,2,6,Sunday,0,1,Winter,-2.21732369636371,4.737770190088506,0,12063,22.71147510214779
2023-02-20,2023,2,0,Monday,1,0,Winter,4.044048677908876,3.158376258003525,0,19897,18.257873942648313
2023-02-21,2023,2,1,Tuesday,1,0,Winter,1.9165499284755416,0.4527174034411593,0,22942,14.987781034580093
2023-02-22,2023,2,2,Wednesday,1,0,Winter,1.041030768806615,0.4067756283725185,0,23461,14.588956994218425
2023-02-23,2023,2,3,Thursday,1,0,Winter,4.9068256362470954,1.9622965387574491,0,22082,18.03819331360962
2023-02-24,2023,2,4,Friday,1,0,Winter,6.164795337212344,1.2429469721247153,0,26200,23.02793532352892
2023-02-25,2023,2,5,Saturday,0,1,Winter,5.865637127073087,0.31386399758473094,0,21104,26.673300390030608
2023-02-26,2023,2,6,Sunday,0,1,Winter,0.5541442000565757,0.8150456927569147,0,12906,17.330003290245727
2023-02-27,2023,2,0,Monday,1,0,Winter,2.1441596421708473,2.192614889940027,0,20752,18.16733546003449
2023-02-28,2023,2,1,Tuesday,1,0,Winter,4.065587063935183,1.2178417818019043,0,23181,12.087503127981607
2023-03-01,2023,3,2,Wednesday,1,0,Spring,8.926635381367078,10.170420930814283,0,25446,28.483801359317223
2023-03-02,2023,3,3,Thursday,1,0,Spring,4.56247728646413,1.4221564108190323,0,24433,11.114785241588361
2023-03-03,2023,3,4,Friday,1,0,Spring,5.4430230700085485,5.50956141295094,0,23643,24.49264402125886
2023-03-04,2023,3,5,Saturday,0,1,Spring,2.6809950779819154,7.136592182273085,0,19747,16.50025304433515
2023-03-05,2023,3,6,Sunday,0,1,Spring,2.4113801277579876,1.6257558182754828,0,18658,15.28329423203034
2023-03-06,2023,3,0,Monday,1,0,Spring,8.437577467182594,1.5102978495795196,0,27112,12.62798142619318
2023-03-07,2023,3,1,Tuesday,1,0,Spring,10.068720085712469,1.657302628039329,0,29155,30.93225297691709
2023-03-08,2023,3,2,Wednesday,1,0,Spring,5.783969635258998,2.1883737472775917,0,26938,19.55175644104765
2023-03-09,2023,3,3,Thursday,1,0,Spring,9.010598693676073,1.8443885434635212,0,28514,18.51065827294113
2023-03-10,2023,3,4,Friday,1,0,Spring,7.084908075142902,0.8464692626398778,0,27138,23.01100826968362
2023-03-11,2023,3,5,Saturday,0,1,Spring,4.064640736184627,3.2261973600023115,0,18457,15.01566982672419
2023-03-12,2023,3,6,Sunday,0,1,Spring,7.084186816525242,1.8394072454840815,0,20935,18.40959896720123
2023-03-13,2023,3,0,Monday,1,0,Spring,10.614109699397908,10.407405700327788,0,25891,18.692948691423027
2023-03-14,2023,3,1,Tuesday,1,0,Spring,5.892521882670145,4.791383022881119,0,25882,15.736842191789705
2023-03-15,2023,3,2,Wednesday,1,0,Spring,10.693930967442018,1.861619296725784,0,28085,24.63811801176675
2023-03-16,2023,3,3,Thursday,1,0,Spring,-1.8592353122692327,3.8094984209592133,0,21007,17.2629970602213
2023-03-17,2023,3,4,Friday,1,0,Spring,8.465707513125672,3.7070858764360928,0,29590,10.323713322482085
2023-03-18,2023,3,5,Saturday,0,1,Spring,6.261141204714514,5.24026075214235,0,20769,16.832213709691455
2023-03-19,2023,3,6,Sunday,0,1,Spring,5.102977948602398,0.4126048211982014,0,20484,19.695729092912266
2023-03-20,2023,3,0,Monday,1,0,Spring,6.275282329606507,0.770084794017871,0,24974,13.753835183784435
2023-03-21,2023,3,1,Tuesday,1,0,Spring,0.037293256197321156,1.1995621245874724,0,24909,14.164107075513716
2023-03-22,2023,3,2,Wednesday,1,0,Spring,5.340984336487464,2.4840038164123137,0,23982,15.559453001744588
2023-03-23,2023,3,3,Thursday,1,0,Spring,7.07133771453524,1.1651049063953471,0,28609,24.750425432348194
2023-03-24,2023,3,4,Friday,1,0,Spring,10.433682134224547,6.0398438163973704,0,29020,15.866778282242326
2023-03-25,2023,3,5,Saturday,0,1,Spring,4.445189345179058,0.886359087340126,0,20084,25.831408496465357
2023-03-26,2023,3,6,Sunday,0,1,Spring,3.5745191913204373,2.994202549523894,0,18778,15.202257721628653
2023-03-27,2023,3,0,Monday,1,0,Spring,4.494728869246391,3.1396127510244836,0,22198,20.090073508534015
2023-03-28,2023,3,1,Tuesday,1,0,Spring,8.746206353106222,3.370609702752242,0,28264,16.07953809405729
2023-03-29,2023,3,2,Wednesday,1,0,Spring,6.986253328979053,4.155952835419659,0,27251,22.321232485510453
2023-03-30,2023,3,3,Thursday,1,0,Spring,4.410719388698883,5.00569188819869,0,22664,12.584974396260545
2023-03-31,2023,3,4,Friday,1,0,Spring,7.539802299340068,6.793775369769525,0,25619,22.262869293801604
2023-04-01,2023,4,5,Saturday,0,1,Spring,10.29123264804412,1.8492561008394468,0,25163,18.992120881610354
2023-04-02,2023,4,6,Sunday,0,1,Spring,12.905934971598668,1.2083065765371528,0,27966,15.072042552757264
2023-04-03,2023,4,0,Monday,1,0,Spring,7.893840718367943,3.4005587998024756,0,28185,17.535648279507214
2023-04-04,2023,4,1,Tuesday,1,0,Spring,9.017013560206696,3.3583220981099995,0,26517,26.37604569336731
2023-04-05,2023,4,2,Wednesday,1,0,Spring,8.823675540603528,4.441463576556869,0,27684,19.11679142538007
2023-04-06,2023,4,3,Thursday,1,0,Spring,5.609455155603644,0.5827710117750675,0,27865,14.745814317254277
2023-04-07,2023,4,4,Friday,1,0,Spring,10.888360831193728,4.260896724283385,1,27403,12.135594929293813
2023-04-08,2023,4,5,Saturday,0,1,Spring,10.783165816539668,0.6909044403553088,0,24885,21.028102221841184
2023-04-09,2023,4,6,Sunday,0,1,Spring,10.015340369927383,3.0525788484605756,0,27815,19.418395284455563
2023-04-10,2023,4,0,Monday,1,0,Spring,9.29623859987456,1.8005015769150106,1,23004,22.014107614458762
2023-04-11,2023,4,1,Tuesday,1,0,Spring,5.753887773848757,5.648045720036528,0,25160,10.79643135361282
2023-04-12,2023,4,2,Wednesday,1,0,Spring,8.738064031703923,0.6186145067905537,0,29519,12.304245644964197
2023-04-13,2023,4,3,Thursday,1,0,Spring,8.971856450419692,2.8555840025756405,0,28786,24.363771836109876
2023-04-14,2023,4,4,Friday,1,0,Spring,7.593168192335144,3.3774556505492557,0,26134,20.12297656325257
2023-04-15,2023,4,5,Saturday,0,1,Spring,9.516142865001973,1.8609476035429224,0,25247,21.173684426435322
2023-04-16,2023,4,6,Sunday,0,1,Spring,11.212152570443616,2.8536661356372957,0,25968,13.39402743303864
2023-04-17,2023,4,0,Monday,1,0,Spring,15.65855770363159,1.6807288960500515,0,34082,13.298866568689622
2023-04-18,2023,4,1,Tuesday,1,0,Spring,10.523733438495517,2.755745454346351,0,30672,23.55454502259886
2023-04-19,2023,4,2,Wednesday,1,0,Spring,10.772651172168294,3.2804014643493087,0,29540,23.79956380477877
2023-04-20,2023,4,3,Thursday,1,0,Spring,9.776662252701499,1.613762165312111,0,27606,12.74073866744892
2023-04-21,2023,4,4,Friday,1,0,Spring,4.243686354102875,2.254733920495995,0,24989,11.747273421565204
2023-04-22,2023,4,5,Saturday,0,1,Spring,9.92045837365235,0.26708993752306454,0,25596,17.83531655229529
2023-04-23,2023,4,6,Sunday,0,1,Spring,10.18069062982308,1.792557731948732,0,25293,14.243388042444767
2023-04-24,2023,4,0,Monday,1,0,Spring,17.38972633745586,0.7946040778583724,0,35533,14.135080228960666
2023-04-25,2023,4,1,Tuesday,1,0,Spring,9.422917105656632,2.171361522758672,0,30436,11.892833118577556
2023-04-26,2023,4,2,Wednesday,1,0,Spring,10.904642027000838,5.362495730730636,0,28727,15.96414398894209
2023-04-27,2023,4,3,Thursday,1,0,Spring,9.89586469088427,5.993482728404132,0,28751,12.395587338309095
2023-04-28,2023,4,4,Friday,1,0,Spring,6.493965887141404,2.0935597695935373,0,28504,12.703915304351968
2023-04-29,2023,4,5,Saturday,0,1,Spring,13.42846844354506,0.871751068123255,0,27425,19.951637602144782
2023-04-30,2023,4,6,Sunday,0,1,Spring,12.255799098060322,0.7969599860857912,0,24914,18.11296918170564
2023-05-01,2023,5,0,Monday,1,0,Spring,16.373095841129143,4.673006478742568,1,29296,20.921369143967084
2023-05-02,2023,5,1,Tuesday,1,0,Spring,11.271837635615784,2.120940092294103,0,33132,9.825026136183606
2023-05-03,2023,5,2,Wednesday,1,0,Spring,18.2083829328083,2.6464705804534883,0,38524,18.451379171114766
2023-05-04,2023,5,3,Thursday,1,0,Spring,9.794446811623157,2.0815570320325003,0,32657,29.193315219262356
2023-05-05,2023,5,4,Friday,1,0,Spring,15.76057128140081,3.6122247620457304,0,34810,16.464183081714882
2023-05-06,2023,5,5,Saturday,0,1,Spring,20.571366877429938,2.444404485711103,0,31102,22.688694834175948
2023-05-07,2023,5,6,Sunday,0,1,Spring,11.028391024607934,4.136169740838137,0,25866,22.643235613627
2023-05-08,2023,5,0,Monday,1,0,Spring,12.301106811191683,4.176457565001389,1,30472,22.899032761606634
2023-05-09,2023,5,1,Tuesday,1,0,Spring,14.298954095262923,1.0809105993712063,0,35205,19.26664077269808
2023-05-10,2023,5,2,Wednesday,1,0,Spring,12.489573037651402,3.1796600950342047,0,32064,21.343647110269913
2023-05-11,2023,5,3,Thursday,1,0,Spring,9.348009706801601,5.783209551498829,0,30349,22.034870824067628
2023-05-12,2023,5,4,Friday,1,0,Spring,14.205688924418082,3.5774465452323927,0,31511,21.70431934723466
2023-05-13,2023,5,5,Saturday,0,1,Spring,10.813088858821686,3.298714807995347,0,24954,12.589425497730339
2023-05-14,2023,5,6,Sunday,0,1,Spring,15.420777291905544,1.3014318867634196,0,28143,9.521600690771267
2023-05-15,2023,5,0,Monday,1,0,Spring,11.24172729729859,1.3223035614878826,0,32826,10.321365574243002
2023-05-16,2023,5,1,Tuesday,1,0,Spring,18.649803215052618,2.4724313723571507,0,37862,16.995168039610146
2023-05-17,2023,5,2,Wednesday,1,0,Spring,11.650240122991288,1.4614564102259577,0,32124,21.48841901899775
2023-05-18,2023,5,3,Thursday,1,0,Spring,13.033815451382972,4.966514263747307,0,30864,12.657061356939758
2023-05-19,2023,5,4,Friday,1,0,Spring,16.440551652109008,2.1796669846141823,0,35352,23.2046463846389
2023-05-20,2023,5,5,Saturday,0,1,Spring,10.307407050698135,1.3901424052245508,0,25534,15.788169092558991
2023-05-21,2023,5,6,Sunday,0,1,Spring,14.682379803812388,5.0519808085906925,0,26873,15.83767290179079
2023-05-22,2023,5,0,Monday,1,0,Spring,17.921428262847286,0.9239211392891516,0,37299,14.052243621426076
2023-05-23,2023,5,1,Tuesday,1,0,Spring,9.177550296316317,2.453473140131686,0,29219,8.599110933115375
2023-05-24,2023,5,2,Wednesday,1,0,Spring,14.553901575596912,1.5492656555101838,0,31951,19.592433467860165
2023-05-25,2023,5,3,Thursday,1,0,Spring,14.77964838274527,10.632767306255694,0,29532,27.30587210676056
2023-05-26,2023,5,4,Friday,1,0,Spring,16.34546861533193,2.4564842583869675,0,32824,18.074144477630668
2023-05-27,2023,5,5,Saturday,0,1,Spring,10.289147867365754,1.1580240170189477,0,26697,8.776715463186765
2023-05-28,2023,5,6,Sunday,0,1,Spring,10.038630160747172,2.573640173058347,0,25928,22.457782620405517
2023-05-29,2023,5,0,Monday,1,0,Spring,15.565824696850694,2.169120599278027,1,31141,9.951050451464454
2023-05-30,2023,5,1,Tuesday,1,0,Spring,14.890954019699558,1.3336780555475691,0,35481,12.113021135656233
2023-05-31,2023,5,2,Wednesday,1,0,Spring,14.75147855103763,4.945521533125676,0,35136,17.16064150396943
2023-06-01,2023,6,3,Thursday,1,0,Summer,17.967547858766434,3.911712942345768,0,35978,19.038785880409026
2023-06-02,2023,6,4,Friday,1,0,Summer,14.888129065540035,3.0723768937828724,0,35650,13.15494719393249
2023-06-03,2023,6,5,Saturday,0,1,Summer,17.62496432175852,1.2505479572542948,0,29915,16.9579565058569
2023-06-04,2023,6,6,Sunday,0,1,Summer,17.80742065017155,7.906534226687517,0,32347,22.11884448395556
2023-06-05,2023,6,0,Monday,1,0,Summer,14.785148976196403,3.2591488557496495,0,33044,22.831330201001695
2023-06-06,2023,6,1,Tuesday,1,0,Summer,22.525526763709777,1.53739004219779,0,39660,24.907573393434173
2023-06-07,2023,6,2,Wednesday,1,0,Summer,18.349701993010868,5.257407592732429,0,35799,28.32897699192617
2023-06-08,2023,6,3,Thursday,1,0,Summer,13.35429273866756,2.7284165105223104,0,31818,22.611424472637808
2023-06-09,2023,6,4,Friday,1,0,Summer,18.897864056176996,4.8282494981211475,0,37254,17.27297012509795
2023-06-10,2023,6,5,Saturday,0,1,Summer,14.004158219593542,3.3605189139259837,0,29468,22.868431713839456
2023-06-11,2023,6,6,Sunday,0,1,Summer,19.289457041502864,9.555448443707196,0,30475,20.826924416826945
2023-06-12,2023,6,0,Monday,1,0,Summer,20.40398996729772,0.9871962654441869,0,37148,21.03310828313652
2023-06-13,2023,6,1,Tuesday,1,0,Summer,14.466156275220376,1.6087154515761306,0,38197,19.321537682372764
2023-06-14,2023,6,2,Wednesday,1,0,Summer,19.81833161800847,13.759074072466124,0,35797,13.657318668799686
2023-06-15,2023,6,3,Thursday,1,0,Summer,18.166546011085003,2.31750867359166,0,41463,13.053898679325961
2023-06-16,2023,6,4,Friday,1,0,Summer,19.39438371025898,0.8902341859748191,0,37596,17.894985354409258
2023-06-17,2023,6,5,Saturday,0,1,Summer,22.61858217823735,3.759654756577534,0,36314,19.174332394401134
2023-06-18,2023,6,6,Sunday,0,1,Summer,16.192038882266896,5.263882273719582,0,31195,14.86690720075509
2023-06-19,2023,6,0,Monday,1,0,Summer,14.666994737203037,2.291638152340725,0,34704,20.60137813276459
2023-06-20,2023,6,1,Tuesday,1,0,Summer,14.259659941398937,0.34875232095762154,0,37602,29.219982701003783
2023-06-21,2023,6,2,Wednesday,1,0,Summer,14.480772375379193,1.1289607615667094,0,34778,9.329480259753058
2023-06-22,2023,6,3,Thursday,1,0,Summer,16.696898102033195,0.5312542903762569,0,36543,21.427671283331556
2023-06-23,2023,6,4,Friday,1,0,Summer,17.951659154725437,8.724985946181313,0,30108,18.056931971367785
2023-06-24,2023,6,5,Saturday,0,1,Summer,17.758275628265565,0.4836879233653532,0,33234,20.743408887740202
2023-06-25,2023,6,6,Sunday,0,1,Summer,19.40975297738358,1.5467844266658934,0,31415,16.160283557606483
2023-06-26,2023,6,0,Monday,1,0,Summer,16.967208905909228,3.6803594959523442,0,35434,17.64048859775473
2023-06-27,2023,6,1,Tuesday,1,0,Summer,21.288805461747458,0.7732086898099475,0,38590,19.073402345242116
2023-06-28,2023,6,2,Wednesday,1,0,Summer,16.13423273056164,3.3611838048396034,0,35246,16.83150380561664
2023-06-29,2023,6,3,Thursday,1,0,Summer,25.08871073004436,1.3934834498314084,0,43180,10.493185149676524
2023-06-30,2023,6,4,Friday,1,0,Summer,18.805205273570525,3.180920458188095,0,37686,17.183641840648843
2023-07-01,2023,7,5,Saturday,0,1,Summer,15.428527330751152,1.9769494910068373,0,32123,11.03454513337979
2023-07-02,2023,7,6,Sunday,0,1,Summer,14.787322505816663,2.208609420550909,0,32447,21.796604175017606
2023-07-03,2023,7,0,Monday,1,0,Summer,19.447417245729557,5.173282473164974,0,37416,8.699165474393762
2023-07-04,2023,7,1,Tuesday,1,0,Summer,17.329611644022446,0.8635175491261229,0,37190,23.749002773170623
2023-07-05,2023,7,2,Wednesday,1,0,Summer,20.142001482276275,3.1705249829777262,0,40519,20.63372760105809
2023-07-06,2023,7,3,Thursday,1,0,Summer,19.419712873720634,4.41181857521135,0,39749,20.653620801816253
2023-07-07,2023,7,4,Friday,1,0,Summer,17.78151326202938,0.7803529911870066,0,39353,7.145588687191232
2023-07-08,2023,7,5,Saturday,0,1,Summer,15.459618845794786,0.5353389542770328,0,30113,16.691282921923907
2023-07-09,2023,7,6,Sunday,0,1,Summer,13.455458325942406,2.008737482244993,0,30341,24.398529829031272
2023-07-10,2023,7,0,Monday,1,0,Summer,16.660455143798938,3.0252144458968786,0,36925,15.703238509042466
2023-07-11,2023,7,1,Tuesday,1,0,Summer,20.569196382970418,3.978947042608862,0,40693,12.794076820188685
2023-07-12,2023,7,2,Wednesday,1,0,Summer,18.642281232390612,0.6571682767792097,0,38007,15.089315505970296
2023-07-13,2023,7,3,Thursday,1,0,Summer,14.262783663864036,4.525289087830592,0,32151,18.04495636227544
2023-07-14,2023,7,4,Friday,1,0,Summer,18.519542777553546,5.693240282356381,0,38207,13.97287365837338
2023-07-15,2023,7,5,Saturday,0,1,Summer,19.15595213918651,3.2700916579849473,0,29342,24.815849606864326
2023-07-16,2023,7,6,Sunday,0,1,Summer,15.348427691396601,5.952626012263084,0,28635,18.063728844049958
2023-07-17,2023,7,0,Monday,1,0,Summer,18.461175317836584,1.918920571563659,0,36805,15.51103939067077
2023-07-18,2023,7,1,Tuesday,1,0,Summer,18.174626155338,1.5776687462128018,0,36709,11.633013660454985
2023-07-19,2023,7,2,Wednesday,1,0,Summer,14.571089106508131,2.254955248425752,0,34463,20.919122347450475
2023-07-20,2023,7,3,Thursday,1,0,Summer,19.07336208104485,0.9836789295938813,0,40881,20.800664732499087
2023-07-21,2023,7,4,Friday,1,0,Summer,19.682353579104703,1.5244029102457017,0,40527,14.280513687839601
2023-07-22,2023,7,5,Saturday,0,1,Summer,21.24915372952583,2.5180366042592075,0,34466,6.771089052766444
2023-07-23,2023,7,6,Sunday,0,1,Summer,21.16140615610471,2.779660378745081,0,36401,20.535963385794595
2023-07-24,2023,7,0,Monday,1,0,Summer,13.866991896128727,3.4827120023540314,0,33122,17.428622365442788
2023-07-25,2023,7,1,Tuesday,1,0,Summer,15.186524880254632,0.23946480081719523,0,34853,20.147570073213476
2023-07-26,2023,7,2,Wednesday,1,0,Summer,19.54510580162598,13.595190458504087,0,36636,28.577307574926117
2023-07-27,2023,7,3,Thursday,1,0,Summer,19.541357852736628,1.0874575554758354,0,40210,18.260474412712888
2023-07-28,2023,7,4,Friday,1,0,Summer,19.545143058918143,3.9666687435290133,0,37731,15.728039192417585
2023-07-29,2023,7,5,Saturday,0,1,Summer,29.558194471964164,3.0747294715735185,0,38612,12.43392576822863
2023-07-30,2023,7,6,Sunday,0,1,Summer,19.7126715320795,1.4397557665596779,0,36333,16.775406684225743
2023-07-31,2023,7,0,Monday,1,0,Summer,21.406696920541798,3.7164532135370747,0,37187,19.235002218001334
2023-08-01,2023,8,1,Tuesday,1,0,Summer,19.79020852075512,1.1113187226140702,0,38304,18.67719858711355
2023-08-02,2023,8,2,Wednesday,1,0,Summer,18.882376984192906,2.44066210581883,0,38502,27.362019768348937
2023-08-03,2023,8,3,Thursday,1,0,Summer,15.982395496354474,8.732429520623587,0,36877,20.9952449404229
2023-08-04,2023,8,4,Friday,1,0,Summer,19.20511089175531,1.727540259352574,0,39181,17.699035468162506
2023-08-05,2023,8,5,Saturday,0,1,Summer,14.609727586662796,2.633001612690366,0,30713,14.72588499006594
2023-08-06,2023,8,6,Sunday,0,1,Summer,16.217747410055484,0.9409467554652218,0,30773,19.786698371673264
2023-08-07,2023,8,0,Monday,1,0,Summer,15.4721125867882,4.030601786539034,0,36184,13.68355757641017
2023-08-08,2023,8,1,Tuesday,1,0,Summer,17.173825648434477,1.283682360060241,0,37525,19.33512161359711
2023-08-09,2023,8,2,Wednesday,1,0,Summer,23.872178930296037,3.1195356093353706,0,38952,20.934552419905184
2023-08-10,2023,8,3,Thursday,1,0,Summer,11.326407652500267,4.995306491413698,0,33393,17.274448441588472
2023-08-11,2023,8,4,Friday,1,0,Summer,18.986983801399052,2.042424210303348,0,39813,15.122510490861263
2023-08-12,2023,8,5,Saturday,0,1,Summer,12.090055616706556,3.7599740248358153,0,29123,7.0364563938584865
2023-08-13,2023,8,6,Sunday,0,1,Summer,15.51240763290721,3.2536631860182443,0,30457,24.34795097738603
2023-08-14,2023,8,0,Monday,1,0,Summer,20.19505502117761,5.124752154472256,0,36758,20.49716202927546
2023-08-15,2023,8,1,Tuesday,1,0,Summer,17.1210432875619,3.7740930492559652,0,33071,20.623609864240866
2023-08-16,2023,8,2,Wednesday,1,0,Summer,13.694968896487591,5.92166521864005,0,33753,10.280967853958039
2023-08-17,2023,8,3,Thursday,1,0,Summer,14.782292102495607,2.0271975485267513,0,37126,25.575161238648295
2023-08-18,2023,8,4,Friday,1,0,Summer,18.966996477079537,0.751961328496048,0,40250,15.980872293585982
2023-08-19,2023,8,5,Saturday,0,1,Summer,14.7371033351241,0.4767329162102282,0,31993,16.89826442596267
2023-08-20,2023,8,6,Sunday,0,1,Summer,17.577578999021434,0.5375402507997384,0,32569,12.839708351822107
2023-08-21,2023,8,0,Monday,1,0,Summer,17.06491874998695,1.9570686731198035,0,38709,9.107882197032787
2023-08-22,2023,8,1,Tuesday,1,0,Summer,14.97340218745806,2.843218888909849,0,36758,24.418200820962547
2023-08-23,2023,8,2,Wednesday,1,0,Summer,23.360035498251488,1.3745448582187156,0,40911,25.090306320867647
2023-08-24,2023,8,3,Thursday,1,0,Summer,18.829960297229544,1.396919886144349,0,39472,17.539253612962696
2023-08-25,2023,8,4,Friday,1,0,Summer,10.852775470302689,1.719495272378744,0,32126,14.867200237006978
2023-08-26,2023,8,5,Saturday,0,1,Summer,17.487566174583794,2.4615936421584843,0,32814,16.439370320501855
2023-08-27,2023,8,6,Sunday,0,1,Summer,14.942843835970347,6.473487040156526,0,27041,16.58200205181514
2023-08-28,2023,8,0,Monday,1,0,Summer,19.485503234664183,0.3701467788684065,1,33598,12.160729444666087
2023-08-29,2023,8,1,Tuesday,1,0,Summer,14.550641014977408,4.061473282061177,0,36282,16.88027287969203
2023-08-30,2023,8,2,Wednesday,1,0,Summer,16.583993905874813,3.7881734019752047,0,37571,19.19613036325849
2023-08-31,2023,8,3,Thursday,1,0,Summer,18.44316506721688,2.0419070011103693,0,38938,23.69441768777351
2023-09-01,2023,9,4,Friday,1,0,Autumn,16.597265582510364,3.3387274005044234,0,35050,18.4740696528713
2023-09-02,2023,9,5,Saturday,0,1,Autumn,10.399110778832672,2.1517540641666653,0,22296,10.202971113722931
2023-09-03,2023,9,6,Sunday,0,1,Autumn,12.996496292477154,3.73124715031732,0,27031,20.238448888633116
2023-09-04,2023,9,0,Monday,1,0,Autumn,12.575164066517132,1.1646982703749647,0,33560,17.069161079317283
2023-09-05,2023,9,1,Tuesday,1,0,Autumn,12.040012302278864,1.0373263085004634,0,31753,25.526130408716103
2023-09-06,2023,9,2,Wednesday,1,0,Autumn,19.29636272084329,0.32445636174128784,0,36649,25.83318057062884
2023-09-07,2023,9,3,Thursday,1,0,Autumn,15.214945132882868,3.3499045713213924,0,36141,26.015162423789956
2023-09-08,2023,9,4,Friday,1,0,Autumn,10.217348136994865,1.504218119346913,0,31076,15.479742736058945
2023-09-09,2023,9,5,Saturday,0,1,Autumn,16.753585841164327,0.5141970891519831,0,31410,28.747246381355296
2023-09-10,2023,9,6,Sunday,0,1,Autumn,20.3664685910379,1.053648917686078,0,34173,20.224901025457676
2023-09-11,2023,9,0,Monday,1,0,Autumn,17.09739578165344,3.726100427420276,0,33632,26.85717810947689
2023-09-12,2023,9,1,Tuesday,1,0,Autumn,9.44189010213796,2.823814987393469,0,30507,15.786378008074848
2023-09-13,2023,9,2,Wednesday,1,0,Autumn,12.547297781401246,1.088836522185871,0,34863,16.84729696442994
2023-09-14,2023,9,3,Thursday,1,0,Autumn,17.800733447559868,6.299895858315344,0,37517,19.82494223389484
2023-09-15,2023,9,4,Friday,1,0,Autumn,11.876991603143658,2.3572890100903816,0,32082,19.189763569992486
2023-09-16,2023,9,5,Saturday,0,1,Autumn,15.331458284438686,3.529846939625312,0,28439,24.92502210603968
2023-09-17,2023,9,6,Sunday,0,1,Autumn,16.32390216028801,2.779396053384761,0,30114,17.192927543548038
2023-09-18,2023,9,0,Monday,1,0,Autumn,11.21920858526575,1.9894753989652527,0,32058,24.455997949613852
2023-09-19,2023,9,1,Tuesday,1,0,Autumn,13.8214239318146,3.360161804729537,0,35103,22.207619437089797
2023-09-20,2023,9,2,Wednesday,1,0,Autumn,4.276197979792782,5.45177360581009,0,24369,17.290360463242827
2023-09-21,2023,9,3,Thursday,1,0,Autumn,10.926837075997131,1.961401056093757,0,31083,21.804318410908028
2023-09-22,2023,9,4,Friday,1,0,Autumn,13.24229554582052,4.243956700930062,0,30671,15.939021756468145
2023-09-23,2023,9,5,Saturday,0,1,Autumn,10.25665045410545,1.3736147673361307,0,24517,30.621070160029753
2023-09-24,2023,9,6,Sunday,0,1,Autumn,18.897233911794906,7.938256815613219,0,30375,5.0
2023-09-25,2023,9,0,Monday,1,0,Autumn,9.7095758661181,1.2147163640377836,0,32129,21.899304663374203
2023-09-26,2023,9,1,Tuesday,1,0,Autumn,12.67986653990905,9.746964436022783,0,29229,9.224101271759354
2023-09-27,2023,9,2,Wednesday,1,0,Autumn,14.392221731858275,0.7874541505924793,0,35393,17.226585143266043
2023-09-28,2023,9,3,Thursday,1,0,Autumn,18.323819867198345,1.8750588391702672,0,38228,17.95483793474952
2023-09-29,2023,9,4,Friday,1,0,Autumn,9.692413546461681,3.485135134782606,0,33078,26.239694506351157
2023-09-30,2023,9,5,Saturday,0,1,Autumn,17.48949125646488,5.700226966622118,0,29673,14.800808497200169
2023-10-01,2023,10,6,Sunday,0,1,Autumn,10.030699183058763,7.145511958098552,0,21775,25.201661961441246
2023-10-02,2023,10,0,Monday,1,0,Autumn,7.055474046856149,6.525143702915624,0,24606,12.270153470831055
2023-10-03,2023,10,1,Tuesday,1,0,Autumn,11.386310422789814,3.3917447778543224,0,28405,25.402682563525303
2023-10-04,2023,10,2,Wednesday,1,0,Autumn,10.597179086720413,1.2828435019495403,0,32070,15.93340370210194
2023-10-05,2023,10,3,Thursday,1,0,Autumn,8.199349368523617,4.907477971959865,0,25133,18.781859500053816
2023-10-06,2023,10,4,Friday,1,0,Autumn,10.209406254970059,5.3053561758698375,0,30471,16.6508309518259
2023-10-07,2023,10,5,Saturday,0,1,Autumn,8.844059209414722,3.13315024420729,0,21909,25.06829006540114
2023-10-08,2023,10,6,Sunday,0,1,Autumn,10.340552035753745,1.6017251359065536,0,23691,24.056247184815486
2023-10-09,2023,10,0,Monday,1,0,Autumn,11.986392023563141,0.9168086609595036,0,31030,20.706208947039528
2023-10-10,2023,10,1,Tuesday,1,0,Autumn,14.758050448436059,1.3600622978031096,0,31945,12.410284400148772
2023-10-11,2023,10,2,Wednesday,1,0,Autumn,6.286553503519455,1.299376636853946,0,28657,14.681886286242737
2023-10-12,2023,10,3,Thursday,1,0,Autumn,16.3991001239688,2.565353987978397,0,36450,13.051402067368146
2023-10-13,2023,10,4,Friday,1,0,Autumn,4.143736601432496,5.075359325401154,0,23607,6.709656988680749
2023-10-14,2023,10,5,Saturday,0,1,Autumn,9.544644714893252,2.7161377752216533,0,23173,24.95885412962024
2023-10-15,2023,10,6,Sunday,0,1,Autumn,11.764951619453731,0.8473792235438155,0,25684,16.695317663017974
2023-10-16,2023,10,0,Monday,1,0,Autumn,10.8429756032051,4.101814887902684,0,30272,16.639831385680054
2023-10-17,2023,10,1,Tuesday,1,0,Autumn,8.13190144053822,8.481369804547343,0,25985,26.179731613812912
2023-10-18,2023,10,2,Wednesday,1,0,Autumn,9.375633248928176,2.691431415850717,0,30995,15.924859267590886
2023-10-19,2023,10,3,Thursday,1,0,Autumn,8.520997196023503,1.3996871585854365,0,30466,14.029551134433158
2023-10-20,2023,10,4,Friday,1,0,Autumn,8.231905729167368,1.0304254530208048,0,26890,17.231322773322077
2023-10-21,2023,10,5,Saturday,0,1,Autumn,12.548806291063077,3.9276651864245684,0,26258,12.510120930240138
2023-10-22,2023,10,6,Sunday,0,1,Autumn,11.071046457895143,6.990902915374333,0,25772,20.19065000029737
2023-10-23,2023,10,0,Monday,1,0,Autumn,7.92127121421804,1.9517369584392865,0,27420,16.456957193026312
2023-10-24,2023,10,1,Tuesday,1,0,Autumn,12.698799626299754,1.6020694813957599,0,31081,15.762188664912173
2023-10-25,2023,10,2,Wednesday,1,0,Autumn,10.92189856262983,2.64403861169186,0,29189,15.311703505494428
2023-10-26,2023,10,3,Thursday,1,0,Autumn,12.438586356516883,4.335303490385056,0,29710,17.84764823202154
2023-10-27,2023,10,4,Friday,1,0,Autumn,11.888886525770838,1.3117603337805823,0,28562,18.834101852703224
2023-10-28,2023,10,5,Saturday,0,1,Autumn,7.513014967233785,2.962256462423568,0,20368,15.696129540280886
2023-10-29,2023,10,6,Sunday,0,1,Autumn,8.319456879409094,3.607856288200601,0,22819,16.534417132305236
2023-10-30,2023,10,0,Monday,1,0,Autumn,12.241880815369788,3.8058982224008986,0,32777,17.976081300539384
2023-10-31,2023,10,1,Tuesday,1,0,Autumn,11.831110796300397,0.9470837446495319,0,30222,17.451425695194395
2023-11-01,2023,11,2,Wednesday,1,0,Autumn,5.937295218107558,1.1425270661597717,0,24608,18.56159502775007
2023-11-02,2023,11,3,Thursday,1,0,Autumn,6.351982149926347,2.6726650002861776,0,27916,14.881311823110327
2023-11-03,2023,11,4,Friday,1,0,Autumn,9.832994687365277,4.137181803972716,0,25600,23.62388312745775
2023-11-04,2023,11,5,Saturday,0,1,Autumn,4.225285833492512,9.429309008818285,0,14064,18.903506522529486
2023-11-05,2023,11,6,Sunday,0,1,Autumn,7.641292143510116,0.8867113810580027,0,20370,15.779996885310638
2023-11-06,2023,11,0,Monday,1,0,Autumn,5.39342204269832,3.0189115262767743,0,23607,20.19079793036838
2023-11-07,2023,11,1,Tuesday,1,0,Autumn,5.346956390318341,2.496998660233442,0,22116,18.013283286142684
2023-11-08,2023,11,2,Wednesday,1,0,Autumn,9.296330555961571,1.7432283578129186,0,27472,9.384102956684924
2023-11-09,2023,11,3,Thursday,1,0,Autumn,8.476249046964092,5.506937725614217,0,27324,20.172953989152457
2023-11-10,2023,11,4,Friday,1,0,Autumn,8.440528908001918,3.7702480895083093,0,24504,13.098567747602225
2023-11-11,2023,11,5,Saturday,0,1,Autumn,9.91643642146299,3.8501418668315477,0,22342,23.259024472802796
2023-11-12,2023,11,6,Sunday,0,1,Autumn,6.063011524898279,0.8330483677212102,0,21150,17.142901877754074
2023-11-13,2023,11,0,Monday,1,0,Autumn,8.045858913884894,1.8768043574124182,0,26646,22.45636554643353
2023-11-14,2023,11,1,Tuesday,1,0,Autumn,5.069199730219633,2.5991446743572806,0,24794,15.122863523372441
2023-11-15,2023,11,2,Wednesday,1,0,Autumn,6.972499057465328,2.844914411981259,0,26027,18.763632189131325
2023-11-16,2023,11,3,Thursday,1,0,Autumn,5.609570836896948,10.955475875191624,0,20990,24.693266202635755
2023-11-17,2023,11,4,Friday,1,0,Autumn,6.290987894978157,1.962659407945044,0,27798,17.00111395864292
2023-11-18,2023,11,5,Saturday,0,1,Autumn,7.785471076310743,0.10523541666209585,0,23832,15.327751086573812
2023-11-19,2023,11,6,Sunday,0,1,Autumn,3.5453379502995843,2.62590827863382,0,20055,21.806211191665305
2023-11-20,2023,11,0,Monday,1,0,Autumn,12.277161827056382,3.61781085244852,0,30611,21.705440303104993
2023-11-21,2023,11,1,Tuesday,1,0,Autumn,2.981947855500896,2.6060122692401317,0,20731,15.54650450624294
2023-11-22,2023,11,2,Wednesday,1,0,Autumn,2.3574341616368053,0.04108951336866538,0,24879,8.075602693827634
2023-11-23,2023,11,3,Thursday,1,0,Autumn,9.474332620500206,3.1120024630261955,0,28330,15.227880517008547
2023-11-24,2023,11,4,Friday,1,0,Autumn,8.374988081888809,3.6985650549970983,0,24107,21.922269512769393
2023-11-25,2023,11,5,Saturday,0,1,Autumn,7.872359451156467,0.7480768710168291,0,21491,14.369822214996633
2023-11-26,2023,11,6,Sunday,0,1,Autumn,7.885036527792842,1.3894785253160258,0,22032,18.34312324751578
2023-11-27,2023,11,0,Monday,1,0,Autumn,5.963259681459258,2.3806176876413776,0,27690,14.981078322575009
2023-11-28,2023,11,1,Tuesday,1,0,Autumn,3.3082368855425073,1.559642457774534,0,24738,8.35273075486454
2023-11-29,2023,11,2,Wednesday,1,0,Autumn,6.227413674581181,1.7856813040775115,0,24266,14.887497879392374
2023-11-30,2023,11,3,Thursday,1,0,Autumn,3.968514865463667,3.132619859416107,0,26139,21.900286507586504
2023-12-01,2023,12,4,Friday,1,0,Winter,5.997155969977746,1.4705142915219787,0,24773,6.074687103657775
2023-12-02,2023,12,5,Saturday,0,1,Winter,2.630624625218077,0.5504503528772383,0,17129,19.711270222472994
2023-12-03,2023,12,6,Sunday,0,1,Winter,0.5953051793469584,4.7158818802074265,0,14305,12.232439996723048
2023-12-04,2023,12,0,Monday,1,0,Winter,2.1076392447655126,0.9743316291853705,0,19786,21.563898761265797
2023-12-05,2023,12,1,Tuesday,1,0,Winter,4.310591132551366,2.1167893579156263,0,23189,22.114458466542995
2023-12-06,2023,12,2,Wednesday,1,0,Winter,1.3806231113125689,1.6409571673149583,0,22260,17.505870738461365
2023-12-07,2023,12,3,Thursday,1,0,Winter,0.6051355830251985,0.8488499780336917,0,20662,17.517725574337643
2023-12-08,2023,12,4,Friday,1,0,Winter,3.80285840420023,4.616683528786879,0,22839,14.206913974891231
2023-12-09,2023,12,5,Saturday,0,1,Winter,3.8066964830506613,4.285518981420054,0,15821,11.402966319454176
2023-12-10,2023,12,6,Sunday,0,1,Winter,1.5509672436111037,1.8158159784894674,0,16162,27.23008311293541
2023-12-11,2023,12,0,Monday,1,0,Winter,1.6586818528695246,2.4706938973101362,0,21912,13.901628578710135
2023-12-12,2023,12,1,Tuesday,1,0,Winter,3.7679465817974016,2.716757834894575,0,23077,26.552539882221655
2023-12-13,2023,12,2,Wednesday,1,0,Winter,-1.2724562547674791,0.8992105741527192,0,17539,13.930599793039079
2023-12-14,2023,12,3,Thursday,1,0,Winter,-1.1505945534051722,1.0267684169199254,0,19331,21.130990029756184
2023-12-15,2023,12,4,Friday,1,0,Winter,0.9164641059671848,2.44056422595934,0,23458,12.483402769801097
2023-12-16,2023,12,5,Saturday,0,1,Winter,2.431455314588951,0.8282668089700449,0,16550,21.121654087890477
2023-12-17,2023,12,6,Sunday,0,1,Winter,4.004519466518507,2.4231697010319055,0,17871,16.706945742803764
2023-12-18,2023,12,0,Monday,1,0,Winter,7.497865420573149,0.16662481958296385,0,26015,16.774915964486514
2023-12-19,2023,12,1,Tuesday,1,0,Winter,5.644775639330551,1.7335638622914575,0,26736,21.572120482879143
2023-12-20,2023,12,2,Wednesday,1,0,Winter,2.5919811798342116,3.0932630557395573,0,23808,15.960464901588688
2023-12-21,2023,12,3,Thursday,1,0,Winter,3.0147481460164265,2.922861686078996,0,23426,10.97362782368549
2023-12-22,2023,12,4,Friday,1,0,Winter,0.06420867581106648,5.42870715835089,0,17947,22.35878892972915
2023-12-23,2023,12,5,Saturday,0,1,Winter,3.016257361747323,0.8970664610956491,0,18203,12.44131693209189
2023-12-24,2023,12,6,Sunday,0,1,Winter,2.205820852964078,2.332797719356149,0,17505,21.085889878869132
2023-12-25,2023,12,0,Monday,1,0,Winter,4.039952450738761,4.742285463086661,1,17482,23.4595820357316
2023-12-26,2023,12,1,Tuesday,1,0,Winter,0.5901039390675242,3.074672818843912,1,15412,16.44743179096847
2023-12-27,2023,12,2,Wednesday,1,0,Winter,4.62983631244801,4.389814799556422,0,25401,24.548234789277277
2023-12-28,2023,12,3,Thursday,1,0,Winter,7.670013508732226,0.8299088497309157,0,25599,20.905275280878676
2023-12-29,2023,12,4,Friday,1,0,Winter,2.74551632435392,2.623365078500065,0,24550,14.781520615247166
2023-12-30,2023,12,5,Saturday,0,1,Winter,4.276931936021318,2.0822765022851546,0,19638,25.687430811783585
2023-12-31,2023,12,6,Sunday,0,1,Winter,5.142228744857831,2.678452477626544,0,19151,12.463306526955169
2024-01-01,2024,1,0,Monday,1,0,Winter,0.7963385843424913,1.2457372247931386,1,20252,16.441157764501458
2024-01-02,2024,1,1,Tuesday,1,0,Winter,2.6722774454312503,5.952877465291188,0,21145,17.327163021179487
2024-01-03,2024,1,2,Wednesday,1,0,Winter,2.0377772023453846,4.062255582679134,0,24064,21.54716324529493
2024-01-04,2024,1,3,Thursday,1,0,Winter,2.2930282956464954,5.479157791067758,0,25799,24.200253146381897
2024-01-05,2024,1,4,Friday,1,0,Winter,-0.31902935156639955,3.088029249942577,0,23410,23.87451609589411
2024-01-06,2024,1,5,Saturday,0,1,Winter,2.073530522776828,1.3645141780451353,0,19103,19.563491261786393
2024-01-07,2024,1,6,Sunday,0,1,Winter,3.4939948737363493,3.869638946195587,0,21929,16.942600656789452
2024-01-08,2024,1,0,Monday,1,0,Winter,6.353430823385125,5.995616487062988,0,26017,8.90488194353632
2024-01-09,2024,1,1,Tuesday,1,0,Winter,4.8778124782556205,3.084989506954998,0,25199,11.566441556832872
2024-01-10,2024,1,2,Wednesday,1,0,Winter,8.459547372534669,1.1018025654870667,0,29980,27.586608544315464
2024-01-11,2024,1,3,Thursday,1,0,Winter,-0.3020426886641485,1.5319424430911581,0,24130,8.852425664986795
2024-01-12,2024,1,4,Friday,1,0,Winter,4.6169619101620345,2.5754801132158596,0,23322,14.320648655141028
2024-01-13,2024,1,5,Saturday,0,1,Winter,2.550026017215055,6.5109292969581585,0,17829,24.351952666660466
2024-01-14,2024,1,6,Sunday,0,1,Winter,8.569408799653017,7.853628279926151,0,22860,19.490509155826306
2024-01-15,2024,1,0,Monday,1,0,Winter,-0.4248948560654542,1.1844015555272769,0,22406,23.2258343692296
2024-01-16,2024,1,1,Tuesday,1,0,Winter,-0.5191655265423281,3.2621162654221454,0,23915,21.222707426607517
2024-01-17,2024,1,2,Wednesday,1,0,Winter,0.20182206366793354,1.5160456423553494,0,24311,26.04182919427661
2024-01-18,2024,1,3,Thursday,1,0,Winter,-4.371687172929421,0.7491177778135459,0,23617,19.9362218901374
2024-01-19,2024,1,4,Friday,1,0,Winter,0.42273493495771675,3.7983346633804285,0,21296,21.849928191587857
2024-01-20,2024,1,5,Saturday,0,1,Winter,-0.27739798466109367,2.7970647147565653,0,17924,14.633918033296627
2024-01-21,2024,1,6,Sunday,0,1,Winter,2.451181359428623,2.9301245904541706,0,16840,21.44893147300631
2024-01-22,2024,1,0,Monday,1,0,Winter,3.025267927331478,2.1946737068055846,0,22410,16.34014429045601
2024-01-23,2024,1,1,Tuesday,1,0,Winter,7.628512517647659,3.1363946601023445,0,24894,16.043849486500292
2024-01-24,2024,1,2,Wednesday,1,0,Winter,4.851271514558151,3.051070196860895,0,27154,23.052562276165116
2024-01-25,2024,1,3,Thursday,1,0,Winter,0.26928903301279083,4.497973384874722,0,22510,23.08844155550869
2024-01-26,2024,1,4,Friday,1,0,Winter,-0.6952440140450737,1.2322121853252717,0,21825,27.17989920987988
2024-01-27,2024,1,5,Saturday,0,1,Winter,3.4757575145195174,4.645762300478024,0,15726,26.840968564528247
2024-01-28,2024,1,6,Sunday,0,1,Winter,-1.9606996210619263,4.209010705106069,0,13542,23.170038839065633
2024-01-29,2024,1,0,Monday,1,0,Winter,7.494376297563061,3.1865504607877058,0,28231,9.453682826769093
2024-01-30,2024,1,1,Tuesday,1,0,Winter,5.538320362163861,2.559158869109612,0,28292,27.90394111133842
2024-01-31,2024,1,2,Wednesday,1,0,Winter,0.5924730436858856,2.3216667370951947,0,23205,23.17343188746508
2024-02-01,2024,2,3,Thursday,1,0,Winter,-2.067606817548141,2.337329992627833,0,22175,14.417527531551224
2024-02-02,2024,2,4,Friday,1,0,Winter,7.13341389222073,2.5594877383271606,0,28100,22.190327608926466
2024-02-03,2024,2,5,Saturday,0,1,Winter,2.7281772339666377,0.580907700814179,0,23157,13.00621814699381
2024-02-04,2024,2,6,Sunday,0,1,Winter,6.7852457056448765,10.124532683142165,0,18133,21.616876624570658
2024-02-05,2024,2,0,Monday,1,0,Winter,-1.71148620665861,5.21436988888887,0,19796,11.555395786414682
2024-02-06,2024,2,1,Tuesday,1,0,Winter,1.2736717008631726,7.904009831131511,0,21468,14.19726427430949
2024-02-07,2024,2,2,Wednesday,1,0,Winter,3.087527868879041,3.9123368867570822,0,26060,22.09163147184274
2024-02-08,2024,2,3,Thursday,1,0,Winter,3.212738551018717,1.4780726393414654,0,24355,23.979011063563046
2024-02-09,2024,2,4,Friday,1,0,Winter,1.7216003552867603,3.544804855483701,0,24453,20.092271669055812
2024-02-10,2024,2,5,Saturday,0,1,Winter,4.940346566766987,4.471932313884703,0,20765,16.91192308922255
2024-02-11,2024,2,6,Sunday,0,1,Winter,-0.13106451842329214,1.100578079945785,0,16630,7.402695265911648
2024-02-12,2024,2,0,Monday,1,0,Winter,2.6446583146606106,5.915562791627119,0,24634,17.31309028181293
2024-02-13,2024,2,1,Tuesday,1,0,Winter,3.4326836648601877,1.7673604285126696,0,24472,21.174122399487544
2024-02-14,2024,2,2,Wednesday,1,0,Winter,4.615113271900738,4.1690929320873416,0,24328,16.752821449134633
2024-02-15,2024,2,3,Thursday,1,0,Winter,5.206641403991161,6.4775749210716995,0,26009,18.282594706309023
2024-02-16,2024,2,4,Friday,1,0,Winter,-0.30212950578911624,3.0778735784472095,0,20024,17.43478916682681
2024-02-17,2024,2,5,Saturday,0,1,Winter,-1.530545742482376,6.50796773594971,0,11141,16.727127667328542
2024-02-18,2024,2,6,Sunday,0,1,Winter,6.904827235420019,0.6122538610837355,0,24294,18.794562427791025
2024-02-19,2024,2,0,Monday,1,0,Winter,4.0687388056632665,0.9113341298516984,0,28757,16.981988172807203
2024-02-20,2024,2,1,Tuesday,1,0,Winter,0.8263371600548304,1.2279395731077751,0,23582,25.9051056788861
2024-02-21,2024,2,2,Wednesday,1,0,Winter,7.72525269629206,0.44224418497336054,0,28826,6.926621988404587
2024-02-22,2024,2,3,Thursday,1,0,Winter,3.418820672603067,6.516711993633148,0,26157,15.561618552950396
2024-02-23,2024,2,4,Friday,1,0,Winter,6.6096883219159706,5.507743739913589,0,25328,13.874667637710427
2024-02-24,2024,2,5,Saturday,0,1,Winter,3.2743522139548182,1.5464619227277887,0,17952,19.53937512017893
2024-02-25,2024,2,6,Sunday,0,1,Winter,9.254040544370453,9.70651425601717,0,23106,18.801152886592256
2024-02-26,2024,2,0,Monday,1,0,Winter,8.337819297054104,1.9694619726188056,0,29892,26.83540412805703
2024-02-27,2024,2,1,Tuesday,1,0,Winter,2.324904324287271,8.114170147912962,0,24840,28.545938651148532
2024-02-28,2024,2,2,Wednesday,1,0,Winter,5.986509622587557,8.222040941958326,0,22181,14.379966031033497
2024-02-29,2024,2,3,Thursday,1,0,Winter,5.007924618479934,1.4747857036429086,0,25122,18.40260033817487
2024-03-01,2024,3,4,Friday,1,0,Spring,10.105894672597046,4.470207792532863,0,32050,19.420782968006648
2024-03-02,2024,3,5,Saturday,0,1,Spring,3.1052296182596866,5.343350999759828,0,21163,14.25136850864585
2024-03-03,2024,3,6,Sunday,0,1,Spring,8.058154379995319,1.441697544954302,0,27108,21.667586587395636
2024-03-04,2024,3,0,Monday,1,0,Spring,9.175273460548762,0.05718664156467885,0,33203,17.154561682422287
2024-03-05,2024,3,1,Tuesday,1,0,Spring,0.7237815407306574,4.3938673348235255,0,25123,12.848298776874913
2024-03-06,2024,3,2,Wednesday,1,0,Spring,2.4502244620026747,1.1967729945480106,0,26667,16.946244817813973
2024-03-07,2024,3,3,Thursday,1,0,Spring,-0.11769653328030216,2.2471421289665914,0,27670,13.212092221748625
2024-03-08,2024,3,4,Friday,1,0,Spring,5.191779496666326,2.8859543102135823,0,26953,23.79056351298013
2024-03-09,2024,3,5,Saturday,0,1,Spring,8.152626767387886,3.791468401059322,0,25503,28.288108126591084
2024-03-10,2024,3,6,Sunday,0,1,Spring,10.507071156288085,1.882254332177539,0,25720,19.673060744251604
2024-03-11,2024,3,0,Monday,1,0,Spring,6.222284341259326,3.0417128800307793,0,30465,18.978639193877033
2024-03-12,2024,3,1,Tuesday,1,0,Spring,10.885846636713875,5.613638598027479,0,30453,19.192660787745766
2024-03-13,2024,3,2,Wednesday,1,0,Spring,1.859695625355326,0.31207869106617636,0,28453,24.547616950479238
2024-03-14,2024,3,3,Thursday,1,0,Spring,0.8898526819345358,0.6423198228626754,0,26519,24.435634818705353
2024-03-15,2024,3,4,Friday,1,0,Spring,5.833356903310143,0.8456225909990979,0,33011,17.7986014435492
2024-03-16,2024,3,5,Saturday,0,1,Spring,7.152196346817922,1.6109123425052165,0,24437,19.713467622371272
2024-03-17,2024,3,6,Sunday,0,1,Spring,5.901915755717721,4.311200646380376,0,23697,21.793761317320808
2024-03-18,2024,3,0,Monday,1,0,Spring,-0.20232630011962982,5.081263939597807,0,22563,12.484025225936183
2024-03-19,2024,3,1,Tuesday,1,0,Spring,5.732639881461635,2.141173227791728,0,29020,24.705562834586374
2024-03-20,2024,3,2,Wednesday,1,0,Spring,2.0865914984854403,2.1461267617595277,0,26884,27.421125834381584
2024-03-21,2024,3,3,Thursday,1,0,Spring,8.009017646490115,6.275131416102278,0,27173,24.458166945165175
2024-03-22,2024,3,4,Friday,1,0,Spring,7.099794738290544,2.919837867099771,0,27874,11.922911659604313
2024-03-23,2024,3,5,Saturday,0,1,Spring,3.180360641017934,1.8364080021298852,0,22798,8.155997631821853
2024-03-24,2024,3,6,Sunday,0,1,Spring,4.458399247989919,4.679734219721902,0,21487,22.08533710229324
2024-03-25,2024,3,0,Monday,1,0,Spring,2.822359434333145,4.3298022264957226,0,25475,14.447014865397149
2024-03-26,2024,3,1,Tuesday,1,0,Spring,5.811962708180484,3.346306633761568,0,27884,19.893093441439525
2024-03-27,2024,3,2,Wednesday,1,0,Spring,8.865426961503715,1.545843394460478,0,30946,26.38277334403925
2024-03-28,2024,3,3,Thursday,1,0,Spring,3.042821860993369,1.0458570570222399,0,28027,14.983833082728268
2024-03-29,2024,3,4,Friday,1,0,Spring,7.512139546553533,1.1394165486259302,1,27697,16.436715786673407
2024-03-30,2024,3,5,Saturday,0,1,Spring,4.409227144882678,1.2003068838662183,0,19409,19.838959457459243
2024-03-31,2024,3,6,Sunday,0,1,Spring,3.6213815032129677,1.104935198751346,0,24779,11.6529498720924
2024-04-01,2024,4,0,Monday,1,0,Spring,9.678908920136326,1.6133678496916235,1,31841,14.459147780769442
2024-04-02,2024,4,1,Tuesday,1,0,Spring,6.894273032741878,2.4729494360518633,0,27460,18.529259019506597
2024-04-03,2024,4,2,Wednesday,1,0,Spring,8.339052083958453,2.702044288349513,0,34279,16.83763468214769
2024-04-04,2024,4,3,Thursday,1,0,Spring,6.406366322233454,0.8871254079988495,0,33397,21.563720319755976
2024-04-05,2024,4,4,Friday,1,0,Spring,15.894175398749168,3.0096359857902044,0,38133,32.78309399508419
2024-04-06,2024,4,5,Saturday,0,1,Spring,10.105790655915186,2.6729578854790983,0,25731,18.915519364974248
2024-04-07,2024,4,6,Sunday,0,1,Spring,7.900823476022243,2.293802656958266,0,28093,14.02309788060235
2024-04-08,2024,4,0,Monday,1,0,Spring,10.641939732202665,1.503267789814305,0,34232,25.774849844739332
2024-04-09,2024,4,1,Tuesday,1,0,Spring,9.663015850927511,0.9072970858474991,0,35035,10.138143928334848
2024-04-10,2024,4,2,Wednesday,1,0,Spring,9.33709120140033,3.766720837652704,0,36581,11.177677510648639
2024-04-11,2024,4,3,Thursday,1,0,Spring,11.842500100130275,2.6581280133259915,0,35572,15.305462119031837
2024-04-12,2024,4,4,Friday,1,0,Spring,12.272523130141916,3.236048760012541,0,33712,16.928989053297947
2024-04-13,2024,4,5,Saturday,0,1,Spring,8.408496557168418,1.7613046054829342,0,26387,15.180821770110514
2024-04-14,2024,4,6,Sunday,0,1,Spring,8.27254527806596,1.5906881496060485,0,25574,18.23613591300028
2024-04-15,2024,4,0,Monday,1,0,Spring,9.174844908545069,5.033369353276939,0,32971,19.828657894280994
2024-04-16,2024,4,1,Tuesday,1,0,Spring,3.094236505793246,1.9702483066598404,0,27306,23.958589583430715
2024-04-17,2024,4,2,Wednesday,1,0,Spring,5.454426813404343,2.8067097987595746,0,29382,18.874179023987665
2024-04-18,2024,4,3,Thursday,1,0,Spring,14.100622802333575,2.343344286784813,0,34818,15.47787951198547
2024-04-19,2024,4,4,Friday,1,0,Spring,14.93490314050385,1.2137316983116357,0,37820,23.67615600948494
2024-04-20,2024,4,5,Saturday,0,1,Spring,9.252891881330864,1.7283586473056027,0,27916,14.147879526203319
2024-04-21,2024,4,6,Sunday,0,1,Spring,11.729670889167298,8.761894795259266,0,22425,9.910465722425918
2024-04-22,2024,4,0,Monday,1,0,Spring,10.933750463630608,1.3607573833849624,0,35357,24.67097129310362
2024-04-23,2024,4,1,Tuesday,1,0,Spring,19.236642425365712,2.6455934901027,0,40755,24.33763687301705
2024-04-24,2024,4,2,Wednesday,1,0,Spring,13.358724734303731,1.444416007459311,0,35453,14.280048360538647
2024-04-25,2024,4,3,Thursday,1,0,Spring,9.6162472255577,2.387700614097576,0,36971,16.324685960131184
2024-04-26,2024,4,4,Friday,1,0,Spring,7.1333786781987225,1.3629872859737777,0,33620,13.631976764284365
2024-04-27,2024,4,5,Saturday,0,1,Spring,5.1806610392272825,1.6360942718530136,0,22662,20.098445931338695
2024-04-28,2024,4,6,Sunday,0,1,Spring,10.61039090760167,0.6150844885832247,0,30483,27.406656315114024
2024-04-29,2024,4,0,Monday,1,0,Spring,7.73094776414709,2.688503403162299,0,34084,22.054985352694633
2024-04-30,2024,4,1,Tuesday,1,0,Spring,5.733238871206978,1.8649011063027614,0,30962,23.785768141431767
2024-05-01,2024,5,2,Wednesday,1,0,Spring,12.06028134727242,3.6268808193139916,0,36706,22.66258732479326
2024-05-02,2024,5,3,Thursday,1,0,Spring,10.755355989156815,2.38364327619361,0,36113,18.399380427492712
2024-05-03,2024,5,4,Friday,1,0,Spring,19.061424905217695,1.3286131552914948,0,38768,24.03337027713884
2024-05-04,2024,5,5,Saturday,0,1,Spring,16.64491927084835,1.0490324137021099,0,34355,22.274158927146555
2024-05-05,2024,5,6,Sunday,0,1,Spring,13.976082076050147,2.4895625846887763,0,31695,25.88511771879631
2024-05-06,2024,5,0,Monday,1,0,Spring,18.43983241667008,5.989768694907623,1,38271,16.010345505958867
2024-05-07,2024,5,1,Tuesday,1,0,Spring,14.232104922942854,1.553298189992534,0,39077,9.361819474363989
2024-05-08,2024,5,2,Wednesday,1,0,Spring,11.416147396015209,0.36652823887228303,0,36272,23.83530527734
2024-05-09,2024,5,3,Thursday,1,0,Spring,18.56937223180897,2.909038762837699,0,41201,20.2188015071515
2024-05-10,2024,5,4,Friday,1,0,Spring,15.616730131053977,5.578858697671778,0,39854,16.86056027832957
2024-05-11,2024,5,5,Saturday,0,1,Spring,10.88826153702063,3.6901007367892973,0,28980,17.151205376001045
2024-05-12,2024,5,6,Sunday,0,1,Spring,13.428983965749175,0.8043432735553315,0,31106,31.684368894691
2024-05-13,2024,5,0,Monday,1,0,Spring,11.373145239845728,2.7349655046050723,0,35420,15.06058780682179
2024-05-14,2024,5,1,Tuesday,1,0,Spring,9.851600807106992,4.487224270903745,0,35679,13.962822804503066
2024-05-15,2024,5,2,Wednesday,1,0,Spring,16.778532642594925,1.7597739950064004,0,41235,18.843478014165427
2024-05-16,2024,5,3,Thursday,1,0,Spring,19.72824992141039,1.5840040382835188,0,42799,24.538552565459398
2024-05-17,2024,5,4,Friday,1,0,Spring,9.804297278542577,1.6283977141644495,0,35406,30.247690329951983
2024-05-18,2024,5,5,Saturday,0,1,Spring,15.688907710071712,2.1331783942952467,0,32596,21.81829780962577
2024-05-19,2024,5,6,Sunday,0,1,Spring,12.048072292634519,0.8562723006430004,0,30881,11.793874531306962
2024-05-20,2024,5,0,Monday,1,0,Spring,12.538623848705912,2.8895212012471325,0,35603,28.648494207732554
2024-05-21,2024,5,1,Tuesday,1,0,Spring,12.222818227283392,2.9968577091059108,0,35945,18.298762764799093
2024-05-22,2024,5,2,Wednesday,1,0,Spring,11.408027690960552,3.049207516154996,0,38082,14.043910954146156
2024-05-23,2024,5,3,Thursday,1,0,Spring,14.145564883834481,2.413815711500602,0,36307,12.787159223083357
2024-05-24,2024,5,4,Friday,1,0,Spring,11.507149650766888,0.8320263750821009,0,35511,22.74890934054437
2024-05-25,2024,5,5,Saturday,0,1,Spring,14.811370477339516,2.0375678507131743,0,30779,19.64191280816935
2024-05-26,2024,5,6,Sunday,0,1,Spring,13.84928567165259,7.827285969182126,0,27579,20.19439196011842
2024-05-27,2024,5,0,Monday,1,0,Spring,13.283155859400772,2.9592488926232168,1,32663,25.08981621917404
2024-05-28,2024,5,1,Tuesday,1,0,Spring,11.277309013875207,1.2422362542532612,0,35307,14.228796124149849
2024-05-29,2024,5,2,Wednesday,1,0,Spring,12.269686008295002,3.8420081496365546,0,39161,25.50400406702297
2024-05-30,2024,5,3,Thursday,1,0,Spring,16.26617367747727,7.889423444565832,0,37304,15.70038192147281
2024-05-31,2024,5,4,Friday,1,0,Spring,15.502751562873142,3.2426751830772416,0,41062,29.652838344344254
2024-06-01,2024,6,5,Saturday,0,1,Summer,13.995537495879853,2.193189880109472,0,34993,21.513442883164327
2024-06-02,2024,6,6,Sunday,0,1,Summer,17.226200146563183,5.977630905074263,0,34112,13.614759645162838
2024-06-03,2024,6,0,Monday,1,0,Summer,19.182364600390873,1.6537814514176588,0,46985,7.867825966733504
2024-06-04,2024,6,1,Tuesday,1,0,Summer,11.91998738691139,4.9571444844673636,0,37089,22.60640855585086
2024-06-05,2024,6,2,Wednesday,1,0,Summer,18.55828380741531,1.5573308846580347,0,45529,16.454262564851042
2024-06-06,2024,6,3,Thursday,1,0,Summer,14.940331953437967,1.7860256096488278,0,42469,17.591058388486452
2024-06-07,2024,6,4,Friday,1,0,Summer,18.639999236054983,4.289383059689543,0,42742,22.384219247705357
2024-06-08,2024,6,5,Saturday,0,1,Summer,14.638425760647957,5.809867301867623,0,33812,23.654151896503407
2024-06-09,2024,6,6,Sunday,0,1,Summer,11.51355692828195,2.3057562631036745,0,32462,24.763293771480313
2024-06-10,2024,6,0,Monday,1,0,Summer,12.045575916626019,5.702065225741481,0,34522,12.29082519640873
2024-06-11,2024,6,1,Tuesday,1,0,Summer,17.072458070259653,3.2927934468665994,0,41292,25.814652698047862
2024-06-12,2024,6,2,Wednesday,1,0,Summer,17.70737073543995,1.2609231745032075,0,44238,15.388964251925621
2024-06-13,2024,6,3,Thursday,1,0,Summer,14.215253354962282,1.7994328977971228,0,42126,6.667500339309219
2024-06-14,2024,6,4,Friday,1,0,Summer,18.84398060660763,3.658861811536039,0,41202,12.27211019632776
2024-06-15,2024,6,5,Saturday,0,1,Summer,11.943643043468628,6.222938174243468,0,31215,19.533730479089336
2024-06-16,2024,6,6,Sunday,0,1,Summer,16.729963834333557,5.018084837372572,0,34688,13.310165920378074
2024-06-17,2024,6,0,Monday,1,0,Summer,13.295154630988137,5.06797254861646,0,37450,17.94216876028457
2024-06-18,2024,6,1,Tuesday,1,0,Summer,14.97269490686903,0.7187952453226136,0,41115,20.158912935151726
2024-06-19,2024,6,2,Wednesday,1,0,Summer,17.07039924422475,4.179376907120755,0,41242,17.45679590383171
2024-06-20,2024,6,3,Thursday,1,0,Summer,14.34696313442365,4.028080374390812,0,39752,15.82935744314507
2024-06-21,2024,6,4,Friday,1,0,Summer,15.774536597586032,3.0661317156144463,0,42723,11.896380472461221
2024-06-22,2024,6,5,Saturday,0,1,Summer,19.94708165791883,3.982795968811462,0,38608,18.514107802719725
2024-06-23,2024,6,6,Sunday,0,1,Summer,15.197527621706062,0.4385750566198159,0,35437,7.662221584559376
2024-06-24,2024,6,0,Monday,1,0,Summer,19.435279566470932,0.17494251413850845,0,47298,14.832810183059006
2024-06-25,2024,6,1,Tuesday,1,0,Summer,13.539082666302653,3.0224949193680057,0,40459,13.575522632884041
2024-06-26,2024,6,2,Wednesday,1,0,Summer,18.517615764021354,2.3791389365029625,0,42479,17.155240372153642
2024-06-27,2024,6,3,Thursday,1,0,Summer,21.252909092249208,2.094509394238879,0,42777,17.290685043591797
2024-06-28,2024,6,4,Friday,1,0,Summer,9.51326972989364,3.40872411144103,0,33669,23.391774707055475
2024-06-29,2024,6,5,Saturday,0,1,Summer,14.537517463864077,2.899031024000004,0,35096,26.634081841697917
2024-06-30,2024,6,6,Sunday,0,1,Summer,18.65941961181713,3.16543653321028,0,35516,12.587550030767755
2024-07-01,2024,7,0,Monday,1,0,Summer,17.39086384187102,4.645949261721788,0,39807,28.762729651404154
2024-07-02,2024,7,1,Tuesday,1,0,Summer,19.113437620113928,1.612388430068983,0,42651,14.347662882488553
2024-07-03,2024,7,2,Wednesday,1,0,Summer,16.18804443985254,3.216786152584186,0,39942,19.297139271200066
2024-07-04,2024,7,3,Thursday,1,0,Summer,18.259769362418698,1.4463906494323147,0,44782,21.05648754357125
2024-07-05,2024,7,4,Friday,1,0,Summer,17.53296829382376,0.3379949637538367,0,42916,31.11183031342903
2024-07-06,2024,7,5,Saturday,0,1,Summer,21.50334618497942,1.9690486977131152,0,37441,15.580131843634145
2024-07-07,2024,7,6,Sunday,0,1,Summer,18.76326252990364,5.134728548562309,0,36569,9.056962332514122
2024-07-08,2024,7,0,Monday,1,0,Summer,19.012807986225607,1.1724210117529161,0,44394,26.1499732450035
2024-07-09,2024,7,1,Tuesday,1,0,Summer,16.764369101632596,3.4245318061249637,0,40663,14.066457494263737
2024-07-10,2024,7,2,Wednesday,1,0,Summer,16.53718132778252,4.676672211333777,0,42808,16.519739381006914
2024-07-11,2024,7,3,Thursday,1,0,Summer,16.702325436541138,4.208615093210207,0,40430,12.587701799583886
2024-07-12,2024,7,4,Friday,1,0,Summer,19.18335642713489,1.4416093551095674,0,45930,16.53474038014562
2024-07-13,2024,7,5,Saturday,0,1,Summer,16.737046557539212,1.3312455117370194,0,37346,14.029964011731707
2024-07-14,2024,7,6,Sunday,0,1,Summer,18.869324570689237,2.570488759766421,0,39096,21.91749744577281
2024-07-15,2024,7,0,Monday,1,0,Summer,24.226202395936316,3.04942743911207,0,45482,18.82011647455429
2024-07-16,2024,7,1,Tuesday,1,0,Summer,20.613374110295076,3.9605138164070475,0,44406,14.858513164803668
2024-07-17,2024,7,2,Wednesday,1,0,Summer,17.021929403496475,3.990464840903379,0,41379,23.57853427862642
2024-07-18,2024,7,3,Thursday,1,0,Summer,21.603641766491833,12.151152098825532,0,39628,19.72598310350791
2024-07-19,2024,7,4,Friday,1,0,Summer,16.775773880935347,6.578748325545021,0,42217,8.80054909769091
2024-07-20,2024,7,5,Saturday,0,1,Summer,11.885626394466438,1.8784091483237382,0,31024,23.182457233238367
2024-07-21,2024,7,6,Sunday,0,1,Summer,14.975741067247789,9.194144700648012,0,31106,19.3613129960337
2024-07-22,2024,7,0,Monday,1,0,Summer,12.387624236922433,0.9046837956682683,0,37306,25.63180893547602
2024-07-23,2024,7,1,Tuesday,1,0,Summer,16.945459547876073,1.005187533877355,0,43678,19.04437061698175
2024-07-24,2024,7,2,Wednesday,1,0,Summer,18.055255137568654,4.343112354845903,0,39549,14.283111377048504
2024-07-25,2024,7,3,Thursday,1,0,Summer,23.02931193682585,2.035311330606074,0,47839,17.337664266830448
2024-07-26,2024,7,4,Friday,1,0,Summer,18.98078212129249,6.597305651190657,0,43802,22.580380520579745
2024-07-27,2024,7,5,Saturday,0,1,Summer,17.34269841357341,3.88004563047809,0,36789,14.392167289555513
2024-07-28,2024,7,6,Sunday,0,1,Summer,20.488216743550467,2.301159654475618,0,40075,16.110456707040694
2024-07-29,2024,7,0,Monday,1,0,Summer,11.366594072976344,2.159718931298287,0,39072,17.24721938400485
2024-07-30,2024,7,1,Tuesday,1,0,Summer,18.706843674325697,2.097378341069372,0,41838,12.42326762687746
2024-07-31,2024,7,2,Wednesday,1,0,Summer,20.3125955816609,0.25312064921197397,0,47781,14.46711819193141
2024-08-01,2024,8,3,Thursday,1,0,Summer,12.492444492935986,1.1372654943068836,0,37901,19.297260997381787
2024-08-02,2024,8,4,Friday,1,0,Summer,20.359465359896298,1.4148391082546357,0,44513,24.652884287795644
2024-08-03,2024,8,5,Saturday,0,1,Summer,17.943692452758754,5.243020383087361,0,34945,20.04916432049447
2024-08-04,2024,8,6,Sunday,0,1,Summer,15.682339488573106,1.5400988133422069,0,35943,18.161521451281086
2024-08-05,2024,8,0,Monday,1,0,Summer,18.826548828594365,3.3042455405245525,0,41853,14.077391975447982
2024-08-06,2024,8,1,Tuesday,1,0,Summer,23.7402818036887,2.166518285007508,0,47064,24.094834140945203
2024-08-07,2024,8,2,Wednesday,1,0,Summer,17.473801995450994,1.146582764583699,0,40411,20.65422859972358
2024-08-08,2024,8,3,Thursday,1,0,Summer,17.672864989176517,3.0571845827801747,0,43941,14.725005229699953
2024-08-09,2024,8,4,Friday,1,0,Summer,15.550120531654779,2.4642345011128612,0,41688,23.07297198516148
2024-08-10,2024,8,5,Saturday,0,1,Summer,14.378670121881136,5.21662496365396,0,32284,21.309800719854426
2024-08-11,2024,8,6,Sunday,0,1,Summer,19.419210679908247,1.8040325401644648,0,37091,14.169642183295572
2024-08-12,2024,8,0,Monday,1,0,Summer,14.359951752548909,1.436831247946246,0,41100,17.872833067426157
2024-08-13,2024,8,1,Tuesday,1,0,Summer,17.142901941933687,4.480197724208678,0,39847,15.837581813136726
2024-08-14,2024,8,2,Wednesday,1,0,Summer,15.49523088998016,2.1647787141397066,0,40829,32.094397288164345
2024-08-15,2024,8,3,Thursday,1,0,Summer,18.365142707514686,4.741983034568478,0,43859,21.165073392253426
2024-08-16,2024,8,4,Friday,1,0,Summer,17.929189546136357,1.5899185117788233,0,41320,19.371162685210848
2024-08-17,2024,8,5,Saturday,0,1,Summer,20.04082306304921,2.7911591795025252,0,38631,20.857847891598908
2024-08-18,2024,8,6,Sunday,0,1,Summer,15.39815403371127,1.4884715195343565,0,35446,25.57164545862699
2024-08-19,2024,8,0,Monday,1,0,Summer,16.1185784243954,1.2098160104144557,0,41276,17.966423248919977
2024-08-20,2024,8,1,Tuesday,1,0,Summer,13.99191208292859,0.19821263021671487,0,39318,15.332471651098066
2024-08-21,2024,8,2,Wednesday,1,0,Summer,15.595323450047175,6.755043887313371,0,41092,22.79027278610657
2024-08-22,2024,8,3,Thursday,1,0,Summer,18.060104709410066,1.6647215857367792,0,41756,17.490288256793175
2024-08-23,2024,8,4,Friday,1,0,Summer,19.199169080211565,3.6281431198402956,0,39862,12.836544288781381
2024-08-24,2024,8,5,Saturday,0,1,Summer,14.161707257742634,2.1880311646995843,0,34794,11.823630554868494
2024-08-25,2024,8,6,Sunday,0,1,Summer,19.53702099059249,5.539366746776413,0,34590,26.352342064365573
2024-08-26,2024,8,0,Monday,1,0,Summer,20.995116806690362,0.4211486008518842,1,42352,19.084551747980278
2024-08-27,2024,8,1,Tuesday,1,0,Summer,18.168507939946615,2.9220669804643093,0,44660,15.334249603239513
2024-08-28,2024,8,2,Wednesday,1,0,Summer,22.55859066794971,4.2764836624019225,0,46348,17.18145846258127
2024-08-29,2024,8,3,Thursday,1,0,Summer,14.606835632964792,2.61470720341248,0,41587,22.59871253364343
2024-08-30,2024,8,4,Friday,1,0,Summer,13.194239120341258,1.3173048680750847,0,42580,16.874291317621363
2024-08-31,2024,8,5,Saturday,0,1,Summer,11.592042483562675,0.44331406512671134,0,34003,10.863017408277424
2024-09-01,2024,9,6,Sunday,0,1,Autumn,18.48813293446755,1.4466621621342317,0,36279,20.09437243116921
2024-09-02,2024,9,0,Monday,1,0,Autumn,15.963096969062173,0.30154485494919925,0,42837,24.68340865138253
2024-09-03,2024,9,1,Tuesday,1,0,Autumn,13.833245987268635,4.204080486112968,0,39994,24.335614453455705
2024-09-04,2024,9,2,Wednesday,1,0,Autumn,14.839905878959462,3.5274521198420774,0,41037,15.491484321686324
2024-09-05,2024,9,3,Thursday,1,0,Autumn,10.62353285810487,4.5210408378198315,0,33605,24.999697813583573
2024-09-06,2024,9,4,Friday,1,0,Autumn,21.33725593885048,1.0814843403329593,0,41620,19.507339863092437
2024-09-07,2024,9,5,Saturday,0,1,Autumn,14.387663545925683,0.9229664901707999,0,31819,24.85396618816938
2024-09-08,2024,9,6,Sunday,0,1,Autumn,14.328184383814678,3.6683649497062962,0,32911,21.383172556013278
2024-09-09,2024,9,0,Monday,1,0,Autumn,16.177299871696075,3.570780179207669,0,39321,10.487696418310115
2024-09-10,2024,9,1,Tuesday,1,0,Autumn,15.443027695210139,0.3727335915033965,0,39292,27.483042475043398
2024-09-11,2024,9,2,Wednesday,1,0,Autumn,14.671652072837395,1.3835699113708455,0,39635,18.669276026234556
2024-09-12,2024,9,3,Thursday,1,0,Autumn,11.628576633664064,6.999291077977921,0,31822,21.399327884351848
2024-09-13,2024,9,4,Friday,1,0,Autumn,15.414405071407987,4.333874071507772,0,38428,11.41096793194641
2024-09-14,2024,9,5,Saturday,0,1,Autumn,19.6460734894251,2.0409440009870945,0,38289,21.02769780040594
2024-09-15,2024,9,6,Sunday,0,1,Autumn,18.036260138464932,0.8085835617855236,0,36533,24.135224210261832
2024-09-16,2024,9,0,Monday,1,0,Autumn,18.77955987991819,1.0588775817808607,0,43131,28.4636657503117
2024-09-17,2024,9,1,Tuesday,1,0,Autumn,12.466352970706446,1.756097445766689,0,39562,25.682078932935468
2024-09-18,2024,9,2,Wednesday,1,0,Autumn,11.031185539224257,0.6408777960998177,0,36044,21.281968460519405
2024-09-19,2024,9,3,Thursday,1,0,Autumn,13.622639239701055,5.662509893922295,0,35224,10.36923776258839
2024-09-20,2024,9,4,Friday,1,0,Autumn,14.167174736866084,5.3253785215848755,0,38888,19.08781851058659
2024-09-21,2024,9,5,Saturday,0,1,Autumn,17.282574555412847,0.837249975077718,0,36997,15.31895026089276
2024-09-22,2024,9,6,Sunday,0,1,Autumn,8.922606110855542,8.24249966541729,0,26857,19.62188494904448
2024-09-23,2024,9,0,Monday,1,0,Autumn,18.58865095838184,1.7076750792474795,0,41305,12.075105669465483
2024-09-24,2024,9,1,Tuesday,1,0,Autumn,13.525976304263033,2.5106513689951093,0,37398,17.30713207948211
2024-09-25,2024,9,2,Wednesday,1,0,Autumn,12.71935679015774,1.6873159502317452,0,34910,15.710647964208443
2024-09-26,2024,9,3,Thursday,1,0,Autumn,10.963686874219498,0.9194242583750638,0,37890,15.549534948959916
2024-09-27,2024,9,4,Friday,1,0,Autumn,9.035429984402692,1.8627708635946134,0,36006,15.601171832845996
2024-09-28,2024,9,5,Saturday,0,1,Autumn,16.469511751885744,0.38125165799424643,0,32329,17.693555474781128
2024-09-29,2024,9,6,Sunday,0,1,Autumn,14.219953901565212,1.873653018432709,0,33754,19.888212747049714
2024-09-30,2024,9,0,Monday,1,0,Autumn,10.130117300776838,2.3233955615339617,0,35540,5.407833343068454
2024-10-01,2024,10,1,Tuesday,1,0,Autumn,6.114763683809153,2.9701557005407286,0,28335,6.042549147043108
2024-10-02,2024,10,2,Wednesday,1,0,Autumn,8.992645902129617,0.5466687634796139,0,31110,16.638805032406246
2024-10-03,2024,10,3,Thursday,1,0,Autumn,15.007064575868181,0.585059542774579,0,38395,17.371600967530803
2024-10-04,2024,10,4,Friday,1,0,Autumn,9.221225945909188,2.872023846459052,0,31815,19.38337832634049
2024-10-05,2024,10,5,Saturday,0,1,Autumn,5.490571140645683,0.8401607512526349,0,27566,14.616103754747632
2024-10-06,2024,10,6,Sunday,0,1,Autumn,9.262770807742168,2.0991679095729787,0,28539,18.449219008917943
2024-10-07,2024,10,0,Monday,1,0,Autumn,9.18182929075699,5.710755175583708,0,32236,19.057920666093885
2024-10-08,2024,10,1,Tuesday,1,0,Autumn,1.9093400711752864,0.7664563656382335,0,28519,14.580297896299546
2024-10-09,2024,10,2,Wednesday,1,0,Autumn,9.837115400446566,1.1711497006365152,0,35833,23.669970273053725
2024-10-10,2024,10,3,Thursday,1,0,Autumn,9.307196409373969,4.862193292060776,0,33271,19.320328819566313
2024-10-11,2024,10,4,Friday,1,0,Autumn,12.088619094440258,0.3697923528765243,0,36445,21.24419769640911
2024-10-12,2024,10,5,Saturday,0,1,Autumn,15.546868284836037,2.1231623559820707,0,30083,18.757997802676034
2024-10-13,2024,10,6,Sunday,0,1,Autumn,13.379695088643274,3.1088493950098393,0,34912,29.339100135920944
2024-10-14,2024,10,0,Monday,1,0,Autumn,9.19333392833551,4.67764029413454,0,29945,21.501264759411796
2024-10-15,2024,10,1,Tuesday,1,0,Autumn,6.68042227377499,1.7290639034572215,0,30421,15.862434755722427
2024-10-16,2024,10,2,Wednesday,1,0,Autumn,17.720079409749584,0.7538672067444315,0,36980,22.669027798715682
2024-10-17,2024,10,3,Thursday,1,0,Autumn,10.177655302043467,2.9961734734377723,0,34092,9.884454429225304
2024-10-18,2024,10,4,Friday,1,0,Autumn,10.04178787573884,3.051043256773947,0,33311,19.02192136586894
2024-10-19,2024,10,5,Saturday,0,1,Autumn,9.927624738669993,7.729038465067056,0,26696,20.05963350847835
2024-10-20,2024,10,6,Sunday,0,1,Autumn,10.594254282303567,1.8628476908671785,0,25085,19.08130796280923
2024-10-21,2024,10,0,Monday,1,0,Autumn,9.566918764228173,3.0826326263065726,0,34564,16.664349871637786
2024-10-22,2024,10,1,Tuesday,1,0,Autumn,8.279013979359293,2.2663601924216485,0,30615,13.13617854444752
2024-10-23,2024,10,2,Wednesday,1,0,Autumn,8.359423176278826,0.847390189025758,0,32307,14.295395537334993
2024-10-24,2024,10,3,Thursday,1,0,Autumn,9.901740189352006,3.0276328864857254,0,34535,18.930789564486393
2024-10-25,2024,10,4,Friday,1,0,Autumn,8.369725686598708,5.121554748610272,0,31464,12.609699991374438
2024-10-26,2024,10,5,Saturday,0,1,Autumn,7.861462651968509,3.954876395194251,0,25739,27.604871601365815
2024-10-27,2024,10,6,Sunday,0,1,Autumn,10.319290683075693,1.3421129580997038,0,29364,5.0
2024-10-28,2024,10,0,Monday,1,0,Autumn,9.235068347737435,2.0132219774697058,0,33537,16.71812308876806
2024-10-29,2024,10,1,Tuesday,1,0,Autumn,14.511978965748067,5.598095509741805,0,34990,18.974026123360023
2024-10-30,2024,10,2,Wednesday,1,0,Autumn,2.047090574820966,1.9027047390528764,0,27044,21.0385888247331
2024-10-31,2024,10,3,Thursday,1,0,Autumn,13.274520555767387,5.505309411221612,0,35011,13.637191418235378
2024-11-01,2024,11,4,Friday,1,0,Autumn,9.73825557749289,2.1246077668233343,0,29944,24.298332928218702
2024-11-02,2024,11,5,Saturday,0,1,Autumn,-0.2201706972244466,2.247121514196183,0,19577,11.1520785721728
2024-11-03,2024,11,6,Sunday,0,1,Autumn,4.971937217758955,4.990466440932929,0,21376,15.456131339240645
2024-11-04,2024,11,0,Monday,1,0,Autumn,4.885677402012627,8.527452027233963,0,25545,21.627887287453003
2024-11-05,2024,11,1,Tuesday,1,0,Autumn,1.7774649158465383,2.061037993147602,0,27389,23.80898053692231
2024-11-06,2024,11,2,Wednesday,1,0,Autumn,3.666549937227376,1.787183674781617,0,26714,11.099193258818289
2024-11-07,2024,11,3,Thursday,1,0,Autumn,2.6682724636025155,1.3144090988635049,0,26013,32.15419131015882
2024-11-08,2024,11,4,Friday,1,0,Autumn,11.256811330270871,1.1372456906389998,0,32164,13.733043871530509
2024-11-09,2024,11,5,Saturday,0,1,Autumn,8.807035179442385,1.3956496774481861,0,25715,11.57665111685553
2024-11-10,2024,11,6,Sunday,0,1,Autumn,9.814665284982478,1.5996176823901345,0,26357,21.014117437220936
2024-11-11,2024,11,0,Monday,1,0,Autumn,8.165016192129707,4.552778077746931,0,28245,16.58887404137642
2024-11-12,2024,11,1,Tuesday,1,0,Autumn,2.612844686348314,3.6358897223903845,0,25139,15.820527974793329
2024-11-13,2024,11,2,Wednesday,1,0,Autumn,4.426439201160681,4.157722806003078,0,25527,21.49734909936254
2024-11-14,2024,11,3,Thursday,1,0,Autumn,7.468123683683756,4.107487929300581,0,27806,10.45806240977539
2024-11-15,2024,11,4,Friday,1,0,Autumn,2.3336165733241656,5.560057367807498,0,21598,9.548901120131546
2024-11-16,2024,11,5,Saturday,0,1,Autumn,8.138995290517165,1.289370186683509,0,24268,15.293398501255211
2024-11-17,2024,11,6,Sunday,0,1,Autumn,5.279023805525597,2.9330242120358494,0,18982,24.00508904515729
2024-11-18,2024,11,0,Monday,1,0,Autumn,4.875537577351209,0.47896522900222716,0,27536,15.518912474253524
2024-11-19,2024,11,1,Tuesday,1,0,Autumn,8.132879904610476,0.48394311712340976,0,29782,26.715614759548792
2024-11-20,2024,11,2,Wednesday,1,0,Autumn,7.3327899344581216,2.7125466668434206,0,31183,24.64527675809383
2024-11-21,2024,11,3,Thursday,1,0,Autumn,4.917101502542762,2.247997719586533,0,25992,19.87132015943892
2024-11-22,2024,11,4,Friday,1,0,Autumn,9.477989410092746,2.5589211340568454,0,29814,20.166564068748734
2024-11-23,2024,11,5,Saturday,0,1,Autumn,2.75681001720031,3.873465717839861,0,18942,19.866413650087647
2024-11-24,2024,11,6,Sunday,0,1,Autumn,7.847806820832793,6.5087394366822195,0,21564,19.23053218914692
2024-11-25,2024,11,0,Monday,1,0,Autumn,7.779303773905153,2.505977143097005,0,32139,16.495543173113465
2024-11-26,2024,11,1,Tuesday,1,0,Autumn,5.071360682058031,2.2003576542550327,0,25919,17.099023267322753
2024-11-27,2024,11,2,Wednesday,1,0,Autumn,6.978399066726356,1.3622913635517597,0,28973,12.836207185718571
2024-11-28,2024,11,3,Thursday,1,0,Autumn,2.246659270844093,4.600018354647177,0,25373,6.907777495691063
2024-11-29,2024,11,4,Friday,1,0,Autumn,8.772081057620705,1.4678285787010874,0,32450,24.14116716826666
2024-11-30,2024,11,5,Saturday,0,1,Autumn,5.445293590671035,1.9987201643950994,0,21688,19.21774387128355
2024-12-01,2024,12,6,Sunday,0,1,Winter,1.5036277081673743,3.9380056523540325,0,14447,18.432299049233286
2024-12-02,2024,12,0,Monday,1,0,Winter,6.218824447235161,2.6559150645471252,0,27407,20.47193543886097
2024-12-03,2024,12,1,Tuesday,1,0,Winter,0.9587656980962151,2.545076177974634,0,25952,14.092333235073024
2024-12-04,2024,12,2,Wednesday,1,0,Winter,-1.1535871193661862,1.18329988157502,0,23007,13.194476490400948
2024-12-05,2024,12,3,Thursday,1,0,Winter,-1.5980907508472182,3.2065399261881695,0,21856,16.924839592873603
2024-12-06,2024,12,4,Friday,1,0,Winter,4.889826623761412,9.579051432141936,0,22334,25.514112105171826
2024-12-07,2024,12,5,Saturday,0,1,Winter,-0.7694912877643563,0.7412830598871453,0,15132,12.322546651835742
2024-12-08,2024,12,6,Sunday,0,1,Winter,8.336179315677587,0.9122780428576811,0,24074,5.0
2024-12-09,2024,12,0,Monday,1,0,Winter,-3.173991453926673,4.341188300965702,0,17417,15.688714322542484
2024-12-10,2024,12,1,Tuesday,1,0,Winter,8.161165874594609,2.9866938850177234,0,30359,24.34203956442295
2024-12-11,2024,12,2,Wednesday,1,0,Winter,3.704849171332348,6.201063576233173,0,23012,9.390771073357358
2024-12-12,2024,12,3,Thursday,1,0,Winter,2.781657434113316,1.32487566576281,0,25460,12.262525260121066
2024-12-13,2024,12,4,Friday,1,0,Winter,1.4370395092976438,4.649619587772245,0,20070,19.770443051006474
2024-12-14,2024,12,5,Saturday,0,1,Winter,4.269205112780705,3.2070007226217863,0,19420,31.763516584471738
2024-12-15,2024,12,6,Sunday,0,1,Winter,2.958892662449948,1.0774559240090482,0,17840,11.337299323663782
2024-12-16,2024,12,0,Monday,1,0,Winter,6.381702415774058,1.472878928294904,0,24278,11.135942724366611
2024-12-17,2024,12,1,Tuesday,1,0,Winter,3.4144797157106117,2.5298996824276863,0,26470,20.161231517963763
2024-12-18,2024,12,2,Wednesday,1,0,Winter,3.522702054110126,1.1788632326988773,0,28905,24.664307087967263
2024-12-19,2024,12,3,Thursday,1,0,Winter,1.9809601330829254,5.374533154936563,0,25336,15.154686695906305
2024-12-20,2024,12,4,Friday,1,0,Winter,2.9009598985612906,4.193233116013439,0,25711,9.96875038816472
2024-12-21,2024,12,5,Saturday,0,1,Winter,3.9952020764006706,1.668771609099261,0,19732,20.655495948608998
2024-12-22,2024,12,6,Sunday,0,1,Winter,-2.0587084082453835,2.203506744818552,0,16955,21.59717526597546
2024-12-23,2024,12,0,Monday,1,0,Winter,-0.972759496592646,4.81272826396989,0,23429,27.64900665799889
2024-12-24,2024,12,1,Tuesday,1,0,Winter,5.301589051792638,2.3752037304628093,0,27289,21.816124984086247
2024-12-25,2024,12,2,Wednesday,1,0,Winter,3.5843930841083185,8.635978046927178,1,17173,22.705943597136372
2024-12-26,2024,12,3,Thursday,1,0,Winter,2.5198467606664554,3.6538192382428107,1,19317,17.036845251886888
2024-12-27,2024,12,4,Friday,1,0,Winter,3.1270985689206725,1.2288819027133728,0,28687,31.095822579281233
2024-12-28,2024,12,5,Saturday,0,1,Winter,4.114541885809507,0.9625857729614129,0,20654,16.329661544939952
2024-12-29,2024,12,6,Sunday,0,1,Winter,1.4525177287964084,5.160974925117314,0,11581,15.218004968658793
2024-12-30,2024,12,0,Monday,1,0,Winter,0.7368825935175551,1.7439553865329345,0,21289,27.809477576296754
2024-12-31,2024,12,1,Tuesday,1,0,Winter,3.659332535017538,2.7805632581956186,0,24930,10.733966149743868
